{
  "reef0": {
    "rotation": {
      "radians": 0.0
    },
    "translation": {
      "x": 12.643358,
      "y": 3.3063179999999996
    }
  }
}
